1997-11-20 00:00:00-03:00,230.84837739701246
1997-11-20 00:01:00-03:00,230.67380468033824
1997-11-20 00:02:00-03:00,230.49854007898142
1997-11-20 00:03:00-03:00,230.32257974602462
1997-11-20 00:04:00-03:00,230.1459198402329
1997-11-20 00:05:00-03:00,229.96855652313224
1997-11-20 00:06:00-03:00,229.79048595601924
1997-11-20 00:07:00-03:00,229.6117043076523
1997-11-20 00:08:00-03:00,229.4322077501256
1997-11-20 00:09:00-03:00,229.2519924606755
1997-11-20 00:10:00-03:00,229.07105462232
1997-11-20 00:11:00-03:00,228.8893904245062
1997-11-20 00:12:00-03:00,228.70699606378216
1997-11-20 00:13:00-03:00,228.52386774447996
1997-11-20 00:14:00-03:00,228.34000167941647
1997-11-20 00:15:00-03:00,228.15539409060602
1997-11-20 00:16:00-03:00,227.97004120999878
1997-11-20 00:17:00-03:00,227.7839392789794
1997-11-20 00:18:00-03:00,227.59708455410933
1997-11-20 00:19:00-03:00,227.4094733004577
1997-11-20 00:20:00-03:00,227.22110179610388
1997-11-20 00:21:00-03:00,227.03196633674577
1997-11-20 00:22:00-03:00,226.8420632289978
1997-11-20 00:23:00-03:00,226.65138879626107
1997-11-20 00:24:00-03:00,226.45993937706422
1997-11-20 00:25:00-03:00,226.26771133105885
1997-11-20 00:26:00-03:00,226.07470103355962
1997-11-20 00:27:00-03:00,225.88090487511832
1997-11-20 00:28:00-03:00,225.68631927409058
1997-11-20 00:29:00-03:00,225.4909406620912
1997-11-20 00:30:00-03:00,225.2947655018543
1997-11-20 00:31:00-03:00,225.09779026999078
1997-11-20 00:32:00-03:00,224.90001147368338
1997-11-20 00:33:00-03:00,224.7014256399074
1997-11-20 00:34:00-03:00,224.50202932571253
1997-11-20 00:35:00-03:00,224.30181911536008
1997-11-20 00:36:00-03:00,224.1007916173924
1997-11-20 00:37:00-03:00,223.8989434737555
1997-11-20 00:38:00-03:00,223.6962713569513
1997-11-20 00:39:00-03:00,223.49277196711373
1997-11-20 00:40:00-03:00,223.28844204128742
1997-11-20 00:41:00-03:00,223.08327834922167
1997-11-20 00:42:00-03:00,222.87727769593144
1997-11-20 00:43:00-03:00,222.67043692292583
1997-11-20 00:44:00-03:00,222.46275290946227
1997-11-20 00:45:00-03:00,222.2542225738169
1997-11-20 00:46:00-03:00,222.0448428745736
1997-11-20 00:47:00-03:00,221.83461081193607
1997-11-20 00:48:00-03:00,221.6235234290558
1997-11-20 00:49:00-03:00,221.41157781338126
1997-11-20 00:50:00-03:00,221.19877109802783
1997-11-20 00:51:00-03:00,220.98510046316304
1997-11-20 00:52:00-03:00,220.77056313598365
1997-11-20 00:53:00-03:00,220.55515639786623
1997-11-20 00:54:00-03:00,220.33887757578472
1997-11-20 00:55:00-03:00,220.12172405526636
1997-11-20 00:56:00-03:00,219.90369327179
1997-11-20 00:57:00-03:00,219.6847827180517
1997-11-20 00:58:00-03:00,219.46498994257715
1997-11-20 00:59:00-03:00,219.24431255712165
1997-11-20 01:00:00-03:00,219.0227482294347
1997-11-20 01:01:00-03:00,218.8002946906854
1997-11-20 01:02:00-03:00,218.57694973559032
1997-11-20 01:03:00-03:00,218.35271122101736
1997-11-20 01:04:00-03:00,218.12757707808552
1997-11-20 01:05:00-03:00,217.90154530186015
1997-11-20 01:06:00-03:00,217.67461395443917
1997-11-20 01:07:00-03:00,217.4467811756893
1997-11-20 01:08:00-03:00,217.21804517282763
1997-11-20 01:09:00-03:00,216.98840423273452
1997-11-20 01:10:00-03:00,216.75785671913346
1997-11-20 01:11:00-03:00,216.52640106967914
1997-11-20 01:12:00-03:00,216.29403580691056
1997-11-20 01:13:00-03:00,216.06075953386417
1997-11-20 01:14:00-03:00,215.82657093892587
1997-11-20 01:15:00-03:00,215.59146879134988
1997-11-20 01:16:00-03:00,215.35545195241298
1997-11-20 01:17:00-03:00,215.11851937095824
1997-11-20 01:18:00-03:00,214.880670086754
1997-11-20 01:19:00-03:00,214.64190323230105
1997-11-20 01:20:00-03:00,214.4022180346443
1997-11-20 01:21:00-03:00,214.16161381719246
1997-11-20 01:22:00-03:00,213.92009000154403
1997-11-20 01:23:00-03:00,213.67764610931454
1997-11-20 01:24:00-03:00,213.43428176397362
1997-11-20 01:25:00-03:00,213.18999669104215
1997-11-20 01:26:00-03:00,212.94479072481911
1997-11-20 01:27:00-03:00,212.69866380699222
1997-11-20 01:28:00-03:00,212.45161598516947
1997-11-20 01:29:00-03:00,212.2036474179718
1997-11-20 01:30:00-03:00,211.95475838185394
1997-11-20 01:31:00-03:00,211.70494926301336
1997-11-20 01:32:00-03:00,211.4542205641462
1997-11-20 01:33:00-03:00,211.20257291131293
1997-11-20 01:34:00-03:00,210.95000704740357
1997-11-20 01:35:00-03:00,210.6965238321858
1997-11-20 01:36:00-03:00,210.4421242593049
1997-11-20 01:37:00-03:00,210.18680943948644
1997-11-20 01:38:00-03:00,209.9305806158434
1997-11-20 01:39:00-03:00,209.67343915885908
1997-11-20 01:40:00-03:00,209.41538656981527
1997-11-20 01:41:00-03:00,209.15642448424853
1997-11-20 01:42:00-03:00,208.89655466674014
1997-11-20 01:43:00-03:00,208.63577902296802
1997-11-20 01:44:00-03:00,208.3740995962128
1997-11-20 01:45:00-03:00,208.11151856373905
1997-11-20 01:46:00-03:00,207.84803824888468
1997-11-20 01:47:00-03:00,207.58366111567736
1997-11-20 01:48:00-03:00,207.31838977213877
1997-11-20 01:49:00-03:00,207.05222697182404
1997-11-20 01:50:00-03:00,206.78517561710817
1997-11-20 01:51:00-03:00,206.5172387535246
1997-11-20 01:52:00-03:00,206.24841958189427
1997-11-20 01:53:00-03:00,205.97872145260652
1997-11-20 01:54:00-03:00,205.70814786876053
1997-11-20 01:55:00-03:00,205.43670248568006
1997-11-20 01:56:00-03:00,205.16438911944368
1997-11-20 01:57:00-03:00,204.89121173726224
1997-11-20 01:58:00-03:00,204.6171744659135
1997-11-20 01:59:00-03:00,204.3422815910856
1997-11-20 02:00:00-03:00,204.06653755663504
1997-11-20 02:01:00-03:00,203.78994697115792
1997-11-20 02:02:00-03:00,203.51251460533896
1997-11-20 02:03:00-03:00,203.23424538918258
1997-11-20 02:04:00-03:00,202.95514441657977
1997-11-20 02:05:00-03:00,202.67521695175355
1997-11-20 02:06:00-03:00,202.39446841886817
1997-11-20 02:07:00-03:00,202.11290440830837
1997-11-20 02:08:00-03:00,201.83053068487712
1997-11-20 02:09:00-03:00,201.5473531676957
1997-11-20 02:10:00-03:00,201.26337795709205
1997-11-20 02:11:00-03:00,200.97861131052724
1997-11-20 02:12:00-03:00,200.69305966762064
1997-11-20 02:13:00-03:00,200.40672962388265
1997-11-20 02:14:00-03:00,200.11962795187745
1997-11-20 02:15:00-03:00,199.83176159381395
1997-11-20 02:16:00-03:00,199.5431376558646
1997-11-20 02:17:00-03:00,199.2537634197168
1997-11-20 02:18:00-03:00,198.96364633484413
1997-11-20 02:19:00-03:00,198.6727940222423
1997-11-20 02:20:00-03:00,198.381214266454
1997-11-20 02:21:00-03:00,198.08891502692094
1997-11-20 02:22:00-03:00,197.79590442985764
1997-11-20 02:23:00-03:00,197.50219076973244
1997-11-20 02:24:00-03:00,197.20778250873158
1997-11-20 02:25:00-03:00,196.91268827613035
1997-11-20 02:26:00-03:00,196.61691686758536
1997-11-20 02:27:00-03:00,196.32047724433505
1997-11-20 02:28:00-03:00,196.02337853231174
1997-11-20 02:29:00-03:00,195.7256300211679
1997-11-20 02:30:00-03:00,195.42724116321028
1997-11-20 02:31:00-03:00,195.1282215722447
1997-11-20 02:32:00-03:00,194.82858102033055
1997-11-20 02:33:00-03:00,194.5283294444424
1997-11-20 02:34:00-03:00,194.22747693104088
1997-11-20 02:35:00-03:00,193.92603373057642
1997-11-20 02:36:00-03:00,193.6240102398222
1997-11-20 02:37:00-03:00,193.32141701625784
1997-11-20 02:38:00-03:00,193.01826476015776
1997-11-20 02:39:00-03:00,192.71456432885228
1997-11-20 02:40:00-03:00,192.4103267206036
1997-11-20 02:41:00-03:00,192.10556307858795
1997-11-20 02:42:00-03:00,191.80028469485026
1997-11-20 02:43:00-03:00,191.49450299585698
1997-11-20 02:44:00-03:00,191.1882295462414
1997-11-20 02:45:00-03:00,190.88147605251822
1997-11-20 02:46:00-03:00,190.5742543442079
1997-11-20 02:47:00-03:00,190.26657639580446
1997-11-20 02:48:00-03:00,189.95845429539398
1997-11-20 02:49:00-03:00,189.6499002644337
1997-11-20 02:50:00-03:00,189.34092664464
1997-11-20 02:51:00-03:00,189.03154589916366
1997-11-20 02:52:00-03:00,188.7217706013093
1997-11-20 02:53:00-03:00,188.41161344381737
1997-11-20 02:54:00-03:00,188.10108722743257
1997-11-20 02:55:00-03:00,187.7902048597102
1997-11-20 02:56:00-03:00,187.4789793516853
1997-11-20 02:57:00-03:00,187.1674238144717
1997-11-20 02:58:00-03:00,186.85555145578758
1997-11-20 02:59:00-03:00,186.54337557641358
1997-11-20 03:00:00-03:00,186.23090956658592
1997-11-20 03:01:00-03:00,185.91816690232295
1997-11-20 03:02:00-03:00,185.60516114169218
1997-11-20 03:03:00-03:00,185.2919059210172
1997-11-20 03:04:00-03:00,184.97841495102688
1997-11-20 03:05:00-03:00,184.6647020108588
1997-11-20 03:06:00-03:00,184.3507809524753
1997-11-20 03:07:00-03:00,184.03666568410267
1997-11-20 03:08:00-03:00,183.7223701724528
1997-11-20 03:09:00-03:00,183.40790844282657
1997-11-20 03:10:00-03:00,183.09329457079238
1997-11-20 03:11:00-03:00,182.77854267171256
1997-11-20 03:12:00-03:00,182.4636669112319
1997-11-20 03:13:00-03:00,182.1486814842431
1997-11-20 03:14:00-03:00,181.83360062742526
1997-11-20 03:15:00-03:00,181.51843859814392
1997-11-20 03:16:00-03:00,181.20320968695395
1997-11-20 03:17:00-03:00,180.88792819855274
1997-11-20 03:18:00-03:00,180.5726084558438
1997-11-20 03:19:00-03:00,180.25726479137228
1997-11-20 03:20:00-03:00,179.94191154716546
1997-11-20 03:21:00-03:00,179.62656307246448
1997-11-20 03:22:00-03:00,179.3112337109334
1997-11-20 03:23:00-03:00,178.99593779628623
1997-11-20 03:24:00-03:00,178.68068965843548
1997-11-20 03:25:00-03:00,178.36550361071556
1997-11-20 03:26:00-03:00,178.05039394763534
1997-11-20 03:27:00-03:00,177.73537494054173
1997-11-20 03:28:00-03:00,177.4204608354003
1997-11-20 03:29:00-03:00,177.10566584009388
1997-11-20 03:30:00-03:00,176.79100413275327
1997-11-20 03:31:00-03:00,176.47648984910472
1997-11-20 03:32:00-03:00,176.1621370782569
1997-11-20 03:33:00-03:00,175.84795986690392
1997-11-20 03:34:00-03:00,175.5339722025938
1997-11-20 03:35:00-03:00,175.22018801800917
1997-11-20 03:36:00-03:00,174.90662118480247
1997-11-20 03:37:00-03:00,174.59328550957412
1997-11-20 03:38:00-03:00,174.28019472781025
1997-11-20 03:39:00-03:00,173.9673625083131
1997-11-20 03:40:00-03:00,173.6548024367967
1997-11-20 03:41:00-03:00,173.3425280183484
1997-11-20 03:42:00-03:00,173.03055267991348
1997-11-20 03:43:00-03:00,172.71888975202228
1997-11-20 03:44:00-03:00,172.4075524797317
1997-11-20 03:45:00-03:00,172.09655401280526
1997-11-20 03:46:00-03:00,171.78590739599994
1997-11-20 03:47:00-03:00,171.47562558015443
1997-11-20 03:48:00-03:00,171.16572140225244
1997-11-20 03:49:00-03:00,170.85620759869983
1997-11-20 03:50:00-03:00,170.54709678557552
1997-11-20 03:51:00-03:00,170.23840147202228
1997-11-20 03:52:00-03:00,169.93013404275027
1997-11-20 03:53:00-03:00,169.6223067612669
1997-11-20 03:54:00-03:00,169.3149317690385
1997-11-20 03:55:00-03:00,169.0080210847141
1997-11-20 03:56:00-03:00,168.70158659115938
1997-11-20 03:57:00-03:00,168.39564004306686
1997-11-20 03:58:00-03:00,168.09019305419145
1997-11-20 03:59:00-03:00,167.78525710713978
1997-11-20 04:00:00-03:00,167.48084354282864
1997-11-20 04:01:00-03:00,167.17696356024356
1997-11-20 04:02:00-03:00,166.87362821424796
1997-11-20 04:03:00-03:00,166.57084841347896
1997-11-20 04:04:00-03:00,166.26863491833683
1997-11-20 04:05:00-03:00,165.96699833705347
1997-11-20 04:06:00-03:00,165.66594913391756
1997-11-20 04:07:00-03:00,165.3654976054274
1997-11-20 04:08:00-03:00,165.0656539067686
1997-11-20 04:09:00-03:00,164.7664280281775
1997-11-20 04:10:00-03:00,164.46782980351375
1997-11-20 04:11:00-03:00,164.16986890489744
1997-11-20 04:12:00-03:00,163.87255484937623
1997-11-20 04:13:00-03:00,163.57589698581114
1997-11-20 04:14:00-03:00,163.27990449975914
1997-11-20 04:15:00-03:00,162.9845864183717
1997-11-20 04:16:00-03:00,162.68995159566109
1997-11-20 04:17:00-03:00,162.3960087254748
1997-11-20 04:18:00-03:00,162.10276633286335
1997-11-20 04:19:00-03:00,161.81023277734866
1997-11-20 04:20:00-03:00,161.51841624454892
1997-11-20 04:21:00-03:00,161.22732475934382
1997-11-20 04:22:00-03:00,160.93696616989638
1997-11-20 04:23:00-03:00,160.64734816094207
1997-11-20 04:24:00-03:00,160.3584782477001
1997-11-20 04:25:00-03:00,160.07036376995788
1997-11-20 04:26:00-03:00,159.78301190547202
1997-11-20 04:27:00-03:00,159.49642965458676
1997-11-20 04:28:00-03:00,159.2106238537471
1997-11-20 04:29:00-03:00,158.92560116797185
1997-11-20 04:30:00-03:00,158.641368092999
1997-11-20 04:31:00-03:00,158.35793095558302
1997-11-20 04:32:00-03:00,158.07529591386117
1997-11-20 04:33:00-03:00,157.79346895778824
1997-11-20 04:34:00-03:00,157.51245590964177
1997-11-20 04:35:00-03:00,157.232262424589
1997-11-20 04:36:00-03:00,156.95289399132162
1997-11-20 04:37:00-03:00,156.67435593274868
1997-11-20 04:38:00-03:00,156.39665340675575
1997-11-20 04:39:00-03:00,156.1197914051741
1997-11-20 04:40:00-03:00,155.84377476203755
1997-11-20 04:41:00-03:00,155.56860814342488
1997-11-20 04:42:00-03:00,155.29429605584028
1997-11-20 04:43:00-03:00,155.02084284357133
1997-11-20 04:44:00-03:00,154.74825269707011
1997-11-20 04:45:00-03:00,154.4765296431377
1997-11-20 04:46:00-03:00,154.2056775516017
1997-11-20 04:47:00-03:00,153.93570014194032
1997-11-20 04:48:00-03:00,153.66660097191246
1997-11-20 04:49:00-03:00,153.3983834532817
1997-11-20 04:50:00-03:00,153.1310508387977
1997-11-20 04:51:00-03:00,152.86460623613192
1997-11-20 04:52:00-03:00,152.5990526021337
1997-11-20 04:53:00-03:00,152.3343927460859
1997-11-20 04:54:00-03:00,152.0706293329504
1997-11-20 04:55:00-03:00,151.80776487786198
1997-11-20 04:56:00-03:00,151.54580175823796
1997-11-20 04:57:00-03:00,151.28474221005806
1997-11-20 04:58:00-03:00,151.02458832426873
1997-11-20 04:59:00-03:00,150.76534205887194
1997-11-20 05:00:00-03:00,150.50700523532572
1997-11-20 05:01:00-03:00,150.24957953508115
1997-11-20 05:02:00-03:00,149.99306651162073
1997-11-20 05:03:00-03:00,149.7374675835742
1997-11-20 05:04:00-03:00,149.48278404499501
1997-11-20 05:05:00-03:00,149.22901705687667
1997-11-20 05:06:00-03:00,148.97616765574995
1997-11-20 05:07:00-03:00,148.72423675374526
1997-11-20 05:08:00-03:00,148.47322514038808
1997-11-20 05:09:00-03:00,148.22313348439658
1997-11-20 05:10:00-03:00,147.9739623354897
1997-11-20 05:11:00-03:00,147.725712126205
1997-11-20 05:12:00-03:00,147.4783831720737
1997-11-20 05:13:00-03:00,147.23197568004662
1997-11-20 05:14:00-03:00,146.9864897404199
1997-11-20 05:15:00-03:00,146.74192533528162
1997-11-20 05:16:00-03:00,146.49828233707322
1997-11-20 05:17:00-03:00,146.25556051692263
1997-11-20 05:18:00-03:00,146.0137595351191
1997-11-20 05:19:00-03:00,145.77287895590393
1997-11-20 05:20:00-03:00,145.53291823639964
1997-11-20 05:21:00-03:00,145.29387674129873
1997-11-20 05:22:00-03:00,145.05575373187847
1997-11-20 05:23:00-03:00,144.81854838058834
1997-11-20 05:24:00-03:00,144.582259760148
1997-11-20 05:25:00-03:00,144.34688685802507
1997-11-20 05:26:00-03:00,144.112428564056
1997-11-20 05:27:00-03:00,143.8788836895043
1997-11-20 05:28:00-03:00,143.64625095316566
1997-11-20 05:29:00-03:00,143.41452899252707
1997-11-20 05:30:00-03:00,143.1837163577792
1997-11-20 05:31:00-03:00,142.9538115228516
1997-11-20 05:32:00-03:00,142.72481288095815
1997-11-20 05:33:00-03:00,142.49671874787634
1997-11-20 05:34:00-03:00,142.26952736517842
1997-11-20 05:35:00-03:00,142.0432368958678
1997-11-20 05:36:00-03:00,141.8178454351714
1997-11-20 05:37:00-03:00,141.5933510046439
1997-11-20 05:38:00-03:00,141.36975156133178
1997-11-20 05:39:00-03:00,141.14704499042972
1997-11-20 05:40:00-03:00,140.92522911290447
1997-11-20 05:41:00-03:00,140.70430168560483
1997-11-20 05:42:00-03:00,140.4842604013935
1997-11-20 05:43:00-03:00,140.26510289659024
1997-11-20 05:44:00-03:00,140.0468267437231
1997-11-20 05:45:00-03:00,139.82942945894942
1997-11-20 05:46:00-03:00,139.61290850067058
1997-11-20 05:47:00-03:00,139.39726127681305
1997-11-20 05:48:00-03:00,139.1824851362133
1997-11-20 05:49:00-03:00,138.968577381606
1997-11-20 05:50:00-03:00,138.75553526102752
1997-11-20 05:51:00-03:00,138.54335597357283
1997-11-20 05:52:00-03:00,138.33203667503435
1997-11-20 05:53:00-03:00,138.12157446939864
1997-11-20 05:54:00-03:00,137.91196642010354
1997-11-20 05:55:00-03:00,137.70320954714984
1997-11-20 05:56:00-03:00,137.4953008242706
1997-11-20 05:57:00-03:00,137.28823718999695
1997-11-20 05:58:00-03:00,137.08201553785116
1997-11-20 05:59:00-03:00,136.8766327259453
1997-11-20 06:00:00-03:00,136.67208557818387
1997-11-20 06:01:00-03:00,136.4683708786629
1997-11-20 06:02:00-03:00,136.26548537973213
1997-11-20 06:03:00-03:00,136.06342579640375
1997-11-20 06:04:00-03:00,135.86218881566538
1997-11-20 06:05:00-03:00,135.66177109221277
1997-11-20 06:06:00-03:00,135.46216925094888
1997-11-20 06:07:00-03:00,135.26337988810633
1997-11-20 06:08:00-03:00,135.06539957366778
1997-11-20 06:09:00-03:00,134.86822484716842
1997-11-20 06:10:00-03:00,134.67185222668692
1997-11-20 06:11:00-03:00,134.47627820199457
1997-11-20 06:12:00-03:00,134.2814992473359
1997-11-20 06:13:00-03:00,134.08751180676984
1997-11-20 06:14:00-03:00,133.89431230561348
1997-11-20 06:15:00-03:00,133.70189714879044
1997-11-20 06:16:00-03:00,133.51026272050905
1997-11-20 06:17:00-03:00,133.3194053902996
1997-11-20 06:18:00-03:00,133.12932150625832
1997-11-20 06:19:00-03:00,132.9400073997993
1997-11-20 06:20:00-03:00,132.7514593902991
1997-11-20 06:21:00-03:00,132.56367377712783
1997-11-20 06:22:00-03:00,132.37664684930684
1997-11-20 06:23:00-03:00,132.19037488253866
1997-11-20 06:24:00-03:00,132.00485413753836
1997-11-20 06:25:00-03:00,131.82008086334122
1997-11-20 06:26:00-03:00,131.63605130051715
1997-11-20 06:27:00-03:00,131.45276167944385
1997-11-20 06:28:00-03:00,131.27020821739305
1997-11-20 06:29:00-03:00,131.08838712659374
1997-11-20 06:30:00-03:00,130.90729461004085
1997-11-20 06:31:00-03:00,130.7269268646138
1997-11-20 06:32:00-03:00,130.5472800769355
1997-11-20 06:33:00-03:00,130.3683504312601
1997-11-20 06:34:00-03:00,130.190134104106
1997-11-20 06:35:00-03:00,130.01262727084273
1997-11-20 06:36:00-03:00,129.83582609916704
1997-11-20 06:37:00-03:00,129.6597267544666
1997-11-20 06:38:00-03:00,129.4843253992055
1997-11-20 06:39:00-03:00,129.30961819349943
1997-11-20 06:40:00-03:00,129.1356012956653
1997-11-20 06:41:00-03:00,128.96227086276613
1997-11-20 06:42:00-03:00,128.78962305113396
1997-11-20 06:43:00-03:00,128.61765401803083
1997-11-20 06:44:00-03:00,128.4463599164192
1997-11-20 06:45:00-03:00,128.27573690577077
1997-11-20 06:46:00-03:00,128.10578114562838
1997-11-20 06:47:00-03:00,127.93648879383926
1997-11-20 06:48:00-03:00,127.76785601493249
1997-11-20 06:49:00-03:00,127.59987897263107
1997-11-20 06:50:00-03:00,127.4325538336866
1997-11-20 06:51:00-03:00,127.26587677162084
1997-11-20 06:52:00-03:00,127.09984395931662
1997-11-20 06:53:00-03:00,126.93445157830821
1997-11-20 06:54:00-03:00,126.76969581029118
1997-11-20 06:55:00-03:00,126.60557284632002
1997-11-20 06:56:00-03:00,126.4420788783608
1997-11-20 06:57:00-03:00,126.27921010732035
1997-11-20 06:58:00-03:00,126.1169627400648
1997-11-20 06:59:00-03:00,125.95533298651836
1997-11-20 07:00:00-03:00,125.79431706647095
1997-11-20 07:01:00-03:00,125.63391120554351
1997-11-20 07:02:00-03:00,125.47411163763013
1997-11-20 07:03:00-03:00,125.31491460091652
1997-11-20 07:04:00-03:00,125.15631634455502
1997-11-20 07:05:00-03:00,124.99831312465231
1997-11-20 07:06:00-03:00,124.84090120559723
1997-11-20 07:07:00-03:00,124.68407686030253
1997-11-20 07:08:00-03:00,124.5278363694041
1997-11-20 07:09:00-03:00,124.37217602564695
1997-11-20 07:10:00-03:00,124.21709212785831
1997-11-20 07:11:00-03:00,124.06258098532601
1997-11-20 07:12:00-03:00,123.90863891695696
1997-11-20 07:13:00-03:00,123.75526225045208
1997-11-20 07:14:00-03:00,123.6024473265834
1997-11-20 07:15:00-03:00,123.4501904932276
1997-11-20 07:16:00-03:00,123.29848810963793
1997-11-20 07:17:00-03:00,123.14733654558525
1997-11-20 07:18:00-03:00,122.99673218150615
1997-11-20 07:19:00-03:00,122.84667140866243
1997-11-20 07:20:00-03:00,122.69715062728338
1997-11-20 07:21:00-03:00,122.54816625468364
1997-11-20 07:22:00-03:00,122.39971471242309
1997-11-20 07:23:00-03:00,122.25179243838215
1997-11-20 07:24:00-03:00,122.10439587794946
1997-11-20 07:25:00-03:00,121.95752149203454
1997-11-20 07:26:00-03:00,121.81116574929472
1997-11-20 07:27:00-03:00,121.66532513310823
1997-11-20 07:28:00-03:00,121.51999613870802
1997-11-20 07:29:00-03:00,121.37517527037207
1997-11-20 07:30:00-03:00,121.23085904732699
1997-11-20 07:31:00-03:00,121.08704399993447
1997-11-20 07:32:00-03:00,120.94372667169105
1997-11-20 07:33:00-03:00,120.80090361546833
1997-11-20 07:34:00-03:00,120.65857139931184
1997-11-20 07:35:00-03:00,120.51672660266526
1997-11-20 07:36:00-03:00,120.37536581737666
1997-11-20 07:37:00-03:00,120.23448564774172
1997-11-20 07:38:00-03:00,120.0940827105483
1997-11-20 07:39:00-03:00,119.95415363510617
1997-11-20 07:40:00-03:00,119.81469506327791
1997-11-20 07:41:00-03:00,119.67570364950781
1997-11-20 07:42:00-03:00,119.53717605991892
1997-11-20 07:43:00-03:00,119.3991089751039
1997-11-20 07:44:00-03:00,119.26149908827612
1997-11-20 07:45:00-03:00,119.12434310345145
1997-11-20 07:46:00-03:00,118.98763773821389
1997-11-20 07:47:00-03:00,118.85137972188977
1997-11-20 07:48:00-03:00,118.71556579917738
1997-11-20 07:49:00-03:00,118.58019272468704
1997-11-20 07:50:00-03:00,118.44525726566798
1997-11-20 07:51:00-03:00,118.31075620558784
1997-11-20 07:52:00-03:00,118.17668633422389
1997-11-20 07:53:00-03:00,118.04304445932534
1997-11-20 07:54:00-03:00,117.90982739940098
1997-11-20 07:55:00-03:00,117.77703198637677
1997-11-20 07:56:00-03:00,117.64465506202275
1997-11-20 07:57:00-03:00,117.51269348323949
1997-11-20 07:58:00-03:00,117.38114411935067
1997-11-20 07:59:00-03:00,117.25000384944327
1997-11-20 08:00:00-03:00,117.11926956759551
1997-11-20 08:01:00-03:00,116.98893817931521
1997-11-20 08:02:00-03:00,116.85900660324148
1997-11-20 08:03:00-03:00,116.72947176762416
1997-11-20 08:04:00-03:00,116.60033061548191
1997-11-20 08:05:00-03:00,116.47158010021171
1997-11-20 08:06:00-03:00,116.34321719069533
1997-11-20 08:07:00-03:00,116.2152388626537
1997-11-20 08:08:00-03:00,116.0876421071723
1997-11-20 08:09:00-03:00,115.96042392634126
1997-11-20 08:10:00-03:00,115.83358133404792
1997-11-20 08:11:00-03:00,115.70711135590923
1997-11-20 08:12:00-03:00,115.58101102919936
1997-11-20 08:13:00-03:00,115.45527740193997
1997-11-20 08:14:00-03:00,115.3299075361799
1997-11-20 08:15:00-03:00,115.20489850287989
1997-11-20 08:16:00-03:00,115.08024738436065
1997-11-20 08:17:00-03:00,114.95595127588332
1997-11-20 08:18:00-03:00,114.83200728388894
1997-11-20 08:19:00-03:00,114.70841252426195
1997-11-20 08:20:00-03:00,114.5851641239122
1997-11-20 08:21:00-03:00,114.4622592231471
1997-11-20 08:22:00-03:00,114.3396949698193
1997-11-20 08:23:00-03:00,114.21746852580665
1997-11-20 08:24:00-03:00,114.0955770603669
1997-11-20 08:25:00-03:00,113.97401775657342
1997-11-20 08:26:00-03:00,113.85278780551131
1997-11-20 08:27:00-03:00,113.7318844086348
1997-11-20 08:28:00-03:00,113.61130477927166
1997-11-20 08:29:00-03:00,113.49104614009076
1997-11-20 08:30:00-03:00,113.37110572381577
1997-11-20 08:31:00-03:00,113.25148077311486
1997-11-20 08:32:00-03:00,113.13216854049575
1997-11-20 08:33:00-03:00,113.0131662889893
1997-11-20 08:34:00-03:00,112.89447128886518
1997-11-20 08:35:00-03:00,112.77608082228558
1997-11-20 08:36:00-03:00,112.65799218001811
1997-11-20 08:37:00-03:00,112.54020266210911
1997-11-20 08:38:00-03:00,112.42270957777485
1997-11-20 08:39:00-03:00,112.3055102445006
1997-11-20 08:40:00-03:00,112.18860199182997
1997-11-20 08:41:00-03:00,112.07198215265176
1997-11-20 08:42:00-03:00,111.95564807400974
1997-11-20 08:43:00-03:00,111.83959710839842
1997-11-20 08:44:00-03:00,111.72382661753879
1997-11-20 08:45:00-03:00,111.60833397147371
1997-11-20 08:46:00-03:00,111.49311654767394
1997-11-20 08:47:00-03:00,111.37817173398452
1997-11-20 08:48:00-03:00,111.26349692388347
1997-11-20 08:49:00-03:00,111.14908951866421
1997-11-20 08:50:00-03:00,111.0349469295913
1997-11-20 08:51:00-03:00,110.92106657166308
1997-11-20 08:52:00-03:00,110.8074458726185
1997-11-20 08:53:00-03:00,110.69408226215037
1997-11-20 08:54:00-03:00,110.58097318089212
1997-11-20 08:55:00-03:00,110.46811607345022
1997-11-20 08:56:00-03:00,110.35550839356942
1997-11-20 08:57:00-03:00,110.24314760171083
1997-11-20 08:58:00-03:00,110.13103116267247
1997-11-20 08:59:00-03:00,110.01915654994538
1997-11-20 09:00:00-03:00,109.90752124331446
1997-11-20 09:01:00-03:00,109.796122727224
1997-11-20 09:02:00-03:00,109.68495849139343
1997-11-20 09:03:00-03:00,109.57402603511348
1997-11-20 09:04:00-03:00,109.46332286041608
1997-11-20 09:05:00-03:00,109.35284647563593
1997-11-20 09:06:00-03:00,109.2425943945201
1997-11-20 09:07:00-03:00,109.13256413607495
1997-11-20 09:08:00-03:00,109.02275322440525
1997-11-20 09:09:00-03:00,108.91315918857094
1997-11-20 09:10:00-03:00,108.8037795624217
1997-11-20 09:11:00-03:00,108.69461188443961
1997-11-20 09:12:00-03:00,108.5856536968591
1997-11-20 09:13:00-03:00,108.47690254840785
1997-11-20 09:14:00-03:00,108.36835598978358
1997-11-20 09:15:00-03:00,108.2600115763987
1997-11-20 09:16:00-03:00,108.15186686677151
1997-11-20 09:17:00-03:00,108.04391942524168
1997-11-20 09:18:00-03:00,107.93616681747055
1997-11-20 09:19:00-03:00,107.82860661244743
1997-11-20 09:20:00-03:00,107.72123638446249
1997-11-20 09:21:00-03:00,107.61405370791203
1997-11-20 09:22:00-03:00,107.50705616286291
1997-11-20 09:23:00-03:00,107.40024132914789
1997-11-20 09:24:00-03:00,107.29360679119277
1997-11-20 09:25:00-03:00,107.18715013498259
1997-11-20 09:26:00-03:00,107.08086894858998
1997-11-20 09:27:00-03:00,106.9747608219963
1997-11-20 09:28:00-03:00,106.86882334761866
1997-11-20 09:29:00-03:00,106.76305411728575
1997-11-20 09:30:00-03:00,106.65745072630662
1997-11-20 09:31:00-03:00,106.55201077043944
1997-11-20 09:32:00-03:00,106.44673184641947
1997-11-20 09:33:00-03:00,106.34161155245556
1997-11-20 09:34:00-03:00,106.23664748593903
1997-11-20 09:35:00-03:00,106.13183724465128
1997-11-20 09:36:00-03:00,106.0271784272627
1997-11-20 09:37:00-03:00,105.92266863382626
1997-11-20 09:38:00-03:00,105.81830546138411
1997-11-20 09:39:00-03:00,105.7140865093483
1997-11-20 09:40:00-03:00,105.61000937440828
1997-11-20 09:41:00-03:00,105.50607165311428
1997-11-20 09:42:00-03:00,105.40227094096862
1997-11-20 09:43:00-03:00,105.29860483220577
1997-11-20 09:44:00-03:00,105.19507091889187
1997-11-20 09:45:00-03:00,105.0916667934665
1997-11-20 09:46:00-03:00,104.9883900443741
1997-11-20 09:47:00-03:00,104.88523825722967
1997-11-20 09:48:00-03:00,104.78220901941165
1997-11-20 09:49:00-03:00,104.67929991156295
1997-11-20 09:50:00-03:00,104.57650851287663
1997-11-20 09:51:00-03:00,104.47383239879291
1997-11-20 09:52:00-03:00,104.37126914350851
1997-11-20 09:53:00-03:00,104.26881631493286
1997-11-20 09:54:00-03:00,104.1664714799336
1997-11-20 09:55:00-03:00,104.06423219860902
1997-11-20 09:56:00-03:00,103.96209602882772
1997-11-20 09:57:00-03:00,103.86006052324446
1997-11-20 09:58:00-03:00,103.75812323040768
1997-11-20 09:59:00-03:00,103.65628169109695
1997-11-20 10:00:00-03:00,103.55453344486688
1997-11-20 10:01:00-03:00,103.45287602298099
1997-11-20 10:02:00-03:00,103.35130695153988
1997-11-20 10:03:00-03:00,103.24982375053177
1997-11-20 10:04:00-03:00,103.1484239335552
1997-11-20 10:05:00-03:00,103.04710500754294
1997-11-20 10:06:00-03:00,102.94586447247184
1997-11-20 10:07:00-03:00,102.84469982108237
1997-11-20 10:08:00-03:00,102.74360853925907
1997-11-20 10:09:00-03:00,102.64258810303488
1997-11-20 10:10:00-03:00,102.54163598167035
1997-11-20 10:11:00-03:00,102.44074963734319
1997-11-20 10:12:00-03:00,102.3399265207976
1997-11-20 10:13:00-03:00,102.23916407642268
1997-11-20 10:14:00-03:00,102.13845973722073
1997-11-20 10:15:00-03:00,102.03781092650676
1997-11-20 10:16:00-03:00,101.93721505959589
1997-11-20 10:17:00-03:00,101.83666953876677
1997-11-20 10:18:00-03:00,101.73617175830472
1997-11-20 10:19:00-03:00,101.63571909877862
1997-11-20 10:20:00-03:00,101.53530893207181
1997-11-20 10:21:00-03:00,101.4349386156596
1997-11-20 10:22:00-03:00,101.33460549694537
1997-11-20 10:23:00-03:00,101.23430691088292
1997-11-20 10:24:00-03:00,101.1340401776014
1997-11-20 10:25:00-03:00,101.03380260671821
1997-11-20 10:26:00-03:00,100.93359149159575
1997-11-20 10:27:00-03:00,100.83340411364662
1997-11-20 10:28:00-03:00,100.73323773925762
1997-11-20 10:29:00-03:00,100.63308962072865
1997-11-20 10:30:00-03:00,100.53295699318966
1997-11-20 10:31:00-03:00,100.43283707819917
1997-11-20 10:32:00-03:00,100.33272708064845
1997-11-20 10:33:00-03:00,100.23262418833211
1997-11-20 10:34:00-03:00,100.13252557419044
1997-11-20 10:35:00-03:00,100.03242839184874
1997-11-20 10:36:00-03:00,99.93232977784379
1997-11-20 10:37:00-03:00,99.83222685049884
1997-11-20 10:38:00-03:00,99.73211670878032
1997-11-20 10:39:00-03:00,99.63199643450447
1997-11-20 10:40:00-03:00,99.53186308783924
1997-11-20 10:41:00-03:00,99.43171370948345
1997-11-20 10:42:00-03:00,99.33154531882892
1997-11-20 10:43:00-03:00,99.23135491679932
1997-11-20 10:44:00-03:00,99.13113947862887
1997-11-20 10:45:00-03:00,99.03089595869413
1997-11-20 10:46:00-03:00,98.93062129197953
1997-11-20 10:47:00-03:00,98.83031238549376
1997-11-20 10:48:00-03:00,98.7299661257456
1997-11-20 10:49:00-03:00,98.62957937214166
1997-11-20 10:50:00-03:00,98.52914896176985
1997-11-20 10:51:00-03:00,98.42867170343372
1997-11-20 10:52:00-03:00,98.32814438242453
1997-11-20 10:53:00-03:00,98.2275637545303
1997-11-20 10:54:00-03:00,98.12692655010599
1997-11-20 10:55:00-03:00,98.02622947074573
1997-11-20 10:56:00-03:00,97.92546918930569
1997-11-20 10:57:00-03:00,97.82464234990259
1997-11-20 10:58:00-03:00,97.72374556454464
1997-11-20 10:59:00-03:00,97.62277541647816
1997-11-20 11:00:00-03:00,97.52172845678393
1997-11-20 11:01:00-03:00,97.4206012043255
1997-11-20 11:02:00-03:00,97.31939014501592
1997-11-20 11:03:00-03:00,97.21809173106244
1997-11-20 11:04:00-03:00,97.11670238019626
1997-11-20 11:05:00-03:00,97.01521847488979
1997-11-20 11:06:00-03:00,96.91363636155393
1997-11-20 11:07:00-03:00,96.81195234972196
1997-11-20 11:08:00-03:00,96.71016270985187
1997-11-20 11:09:00-03:00,96.6082636779118
1997-11-20 11:10:00-03:00,96.50625144634884
1997-11-20 11:11:00-03:00,96.4041221686422
1997-11-20 11:12:00-03:00,96.30187195634247
1997-11-20 11:13:00-03:00,96.19949688087853
1997-11-20 11:14:00-03:00,96.09699296782425
1997-11-20 11:15:00-03:00,95.99435620139437
1997-11-20 11:16:00-03:00,95.89158251797936
1997-11-20 11:17:00-03:00,95.78866781129254
1997-11-20 11:18:00-03:00,95.6856079231016
1997-11-20 11:19:00-03:00,95.58239865109326
1997-11-20 11:20:00-03:00,95.4790357422924
1997-11-20 11:21:00-03:00,95.37551489332556
1997-11-20 11:22:00-03:00,95.27183174997849
1997-11-20 11:23:00-03:00,95.16798190326178
1997-11-20 11:24:00-03:00,95.06396089237907
1997-11-20 11:25:00-03:00,94.95976420074051
1997-11-20 11:26:00-03:00,94.85538725610732
1997-11-20 11:27:00-03:00,94.75082542653
1997-11-20 11:28:00-03:00,94.64607402322417
1997-11-20 11:29:00-03:00,94.54112829645096
1997-11-20 11:30:00-03:00,94.43598343413964
1997-11-20 11:31:00-03:00,94.33063456401048
1997-11-20 11:32:00-03:00,94.22507674510092
1997-11-20 11:33:00-03:00,94.11930497334015
1997-11-20 11:34:00-03:00,94.01331417651986
1997-11-20 11:35:00-03:00,93.90709921275608
1997-11-20 11:36:00-03:00,93.80065487173854
1997-11-20 11:37:00-03:00,93.69397586887209
1997-11-20 11:38:00-03:00,93.5870568464448
1997-11-20 11:39:00-03:00,93.4798923705092
1997-11-20 11:40:00-03:00,93.37247693200723
1997-11-20 11:41:00-03:00,93.26480493996974
1997-11-20 11:42:00-03:00,93.15687072470463
1997-11-20 11:43:00-03:00,93.04866853378111
1997-11-20 11:44:00-03:00,92.94019252792577
1997-11-20 11:45:00-03:00,92.83143678411658
1997-11-20 11:46:00-03:00,92.7223952877647
1997-11-20 11:47:00-03:00,92.61306193644404
1997-11-20 11:48:00-03:00,92.50343053194477
1997-11-20 11:49:00-03:00,92.39349478318873
1997-11-20 11:50:00-03:00,92.2832483018093
1997-11-20 11:51:00-03:00,92.17268459837042
1997-11-20 11:52:00-03:00,92.061797081467
1997-11-20 11:53:00-03:00,91.95057905604912
1997-11-20 11:54:00-03:00,91.83902372242859
1997-11-20 11:55:00-03:00,91.72712416702642
1997-11-20 11:56:00-03:00,91.61487336718685
1997-11-20 11:57:00-03:00,91.50226418476481
1997-11-20 11:58:00-03:00,91.38928936409638
1997-11-20 11:59:00-03:00,91.27594152915837
1997-11-20 12:00:00-03:00,91.16221318064453
1997-11-20 12:01:00-03:00,91.04809669296756
1997-11-20 12:02:00-03:00,90.93358431116359
1997-11-20 12:03:00-03:00,90.8186681469642
1997-11-20 12:04:00-03:00,90.70334017782898
1997-11-20 12:05:00-03:00,90.58759224207563
1997-11-20 12:06:00-03:00,90.47141603465964
1997-11-20 12:07:00-03:00,90.35480310204952
1997-11-20 12:08:00-03:00,90.23774484559537
1997-11-20 12:09:00-03:00,90.12023251000028
1997-11-20 12:10:00-03:00,90.0022571825663
1997-11-20 12:11:00-03:00,89.88380979160326
1997-11-20 12:12:00-03:00,89.76488109682175
1997-11-20 12:13:00-03:00,89.64546169146098
1997-11-20 12:14:00-03:00,89.5255419916131
1997-11-20 12:15:00-03:00,89.40511223814919
1997-11-20 12:16:00-03:00,89.28416248492313
1997-11-20 12:17:00-03:00,89.16268260290832
1997-11-20 12:18:00-03:00,89.04066226809354
1997-11-20 12:19:00-03:00,88.91809095724699
1997-11-20 12:20:00-03:00,88.79495794684944
1997-11-20 12:21:00-03:00,88.67125230451774
1997-11-20 12:22:00-03:00,88.54696288518505
1997-11-20 12:23:00-03:00,88.42207832213599
1997-11-20 12:24:00-03:00,88.29658702618072
1997-11-20 12:25:00-03:00,88.17047717633609
1997-11-20 12:26:00-03:00,88.04373671534205
1997-11-20 12:27:00-03:00,87.91635333903933
1997-11-20 12:28:00-03:00,87.78831449829036
1997-11-20 12:29:00-03:00,87.65960738373114
1997-11-20 12:30:00-03:00,87.5302189230159
1997-11-20 12:31:00-03:00,87.40013577189976
1997-11-20 12:32:00-03:00,87.26934431027736
1997-11-20 12:33:00-03:00,87.13783062929758
1997-11-20 12:34:00-03:00,87.00558052691483
1997-11-20 12:35:00-03:00,86.87257949795408
1997-11-20 12:36:00-03:00,86.73881272923371
1997-11-20 12:37:00-03:00,86.60426508551508
1997-11-20 12:38:00-03:00,86.46892110314158
1997-11-20 12:39:00-03:00,86.33276498257484
1997-11-20 12:40:00-03:00,86.19578057699644
1997-11-20 12:41:00-03:00,86.05795138055272
1997-11-20 12:42:00-03:00,85.91926051989647
1997-11-20 12:43:00-03:00,85.7796907463926
1997-11-20 12:44:00-03:00,85.63922441867419
1997-11-20 12:45:00-03:00,85.4978434978162
1997-11-20 12:46:00-03:00,85.35552953287373
1997-11-20 12:47:00-03:00,85.21226364587616
1997-11-20 12:48:00-03:00,85.0680265250214
1997-11-20 12:49:00-03:00,84.92279840791566
1997-11-20 12:50:00-03:00,84.7765590691239
1997-11-20 12:51:00-03:00,84.62928780628654
1997-11-20 12:52:00-03:00,84.48096342578074
1997-11-20 12:53:00-03:00,84.33156422784347
1997-11-20 12:54:00-03:00,84.18106799119731
1997-11-20 12:55:00-03:00,84.02945195712425
1997-11-20 12:56:00-03:00,83.87669281295548
1997-11-20 12:57:00-03:00,83.72276667499051
1997-11-20 12:58:00-03:00,83.56764907080078
1997-11-20 12:59:00-03:00,83.4113149198308
1997-11-20 13:00:00-03:00,83.2537385196307
1997-11-20 13:01:00-03:00,83.09489351568071
1997-11-20 13:02:00-03:00,82.9347528903737
1997-11-20 13:03:00-03:00,82.77328893979993
1997-11-20 13:04:00-03:00,82.61047325075018
1997-11-20 13:05:00-03:00,82.44627667573742
1997-11-20 13:06:00-03:00,82.28066931149864
1997-11-20 13:07:00-03:00,82.11362047786021
1997-11-20 13:08:00-03:00,81.94509868452253
1997-11-20 13:09:00-03:00,81.77507161360761
1997-11-20 13:10:00-03:00,81.60350608324815
1997-11-20 13:11:00-03:00,81.43036802823828
1997-11-20 13:12:00-03:00,81.25562246132374
1997-11-20 13:13:00-03:00,81.07923344943069
1997-11-20 13:14:00-03:00,80.90116408309842
1997-11-20 13:15:00-03:00,80.72137643392027
1997-11-20 13:16:00-03:00,80.5398315271743
1997-11-20 13:17:00-03:00,80.35648930738161
1997-11-20 13:18:00-03:00,80.17130859756033
1997-11-20 13:19:00-03:00,79.98424706181771
1997-11-20 13:20:00-03:00,79.79526116521544
1997-11-20 13:21:00-03:00,79.60430613331766
1997-11-20 13:22:00-03:00,79.41133590238225
1997-11-20 13:23:00-03:00,79.21630308703314
1997-11-20 13:24:00-03:00,79.01915891916173
1997-11-20 13:25:00-03:00,78.81985321073859
1997-11-20 13:26:00-03:00,78.61833429380958
1997-11-20 13:27:00-03:00,78.41454897281733
1997-11-20 13:28:00-03:00,78.20844246821612
1997-11-20 13:29:00-03:00,77.99995835773113
1997-11-20 13:30:00-03:00,77.78903852225412
1997-11-20 13:31:00-03:00,77.57562307531757
1997-11-20 13:32:00-03:00,77.35965030246278
1997-11-20 13:33:00-03:00,77.14105659822647
1997-11-20 13:34:00-03:00,76.91977638873946
1997-11-20 13:35:00-03:00,76.69574205537553
1997-11-20 13:36:00-03:00,76.46888387796365
1997-11-20 13:37:00-03:00,76.23912992998883
1997-11-20 13:38:00-03:00,76.00640601538066
1997-11-20 13:39:00-03:00,75.77063556852369
1997-11-20 13:40:00-03:00,75.53173957519267
1997-11-20 13:41:00-03:00,75.28963647433515
1997-11-20 13:42:00-03:00,75.04424205547959
1997-11-20 13:43:00-03:00,74.79546936668892
1997-11-20 13:44:00-03:00,74.54322860204786
1997-11-20 13:45:00-03:00,74.28742699271598
1997-11-20 13:46:00-03:00,74.02796869344895
1997-11-20 13:47:00-03:00,73.76475465376738
1997-11-20 13:48:00-03:00,73.49768251022834
1997-11-20 13:49:00-03:00,73.22664644035811
1997-11-20 13:50:00-03:00,72.9515370281667
1997-11-20 13:51:00-03:00,72.67224113159617
1997-11-20 13:52:00-03:00,72.38864172775624
1997-11-20 13:53:00-03:00,72.10061775904856
1997-11-20 13:54:00-03:00,71.80804398079124
1997-11-20 13:55:00-03:00,71.5107907829682
1997-11-20 13:56:00-03:00,71.20872402436007
1997-11-20 13:57:00-03:00,70.90170484797493
1997-11-20 13:58:00-03:00,70.58958949928892
1997-11-20 13:59:00-03:00,70.27222912693385
1997-11-20 14:00:00-03:00,69.94946957308242
1997-11-20 14:01:00-03:00,69.6211511773574
1997-11-20 14:02:00-03:00,69.2871085426812
1997-11-20 14:03:00-03:00,68.94717031418782
1997-11-20 14:04:00-03:00,68.6011589480032
1997-11-20 14:05:00-03:00,68.24889046255169
1997-11-20 14:06:00-03:00,67.8901741782491
1997-11-20 14:07:00-03:00,67.52481247236652
1997-11-20 14:08:00-03:00,67.15260049195378
1997-11-20 14:09:00-03:00,66.77332588173937
1997-11-20 14:10:00-03:00,66.38676850175325
1997-11-20 14:11:00-03:00,65.9927001239273
1997-11-20 14:12:00-03:00,65.59088413062422
1997-11-20 14:13:00-03:00,65.18107520304339
1997-11-20 14:14:00-03:00,64.76301900252635
1997-11-20 14:15:00-03:00,64.33645184539213
1997-11-20 14:16:00-03:00,63.901100372154836
1997-11-20 14:17:00-03:00,63.45668121211753
1997-11-20 14:18:00-03:00,63.00290064460922
1997-11-20 14:19:00-03:00,62.53945425830667
1997-11-20 14:20:00-03:00,62.06602661043411
1997-11-20 14:21:00-03:00,61.582290884665134
1997-11-20 14:22:00-03:00,61.087908569653976
1997-11-20 14:23:00-03:00,60.582529112526316
1997-11-20 14:24:00-03:00,60.0657896151439
1997-11-20 14:25:00-03:00,59.537314528837115
1997-11-20 14:26:00-03:00,58.99671536753829
1997-11-20 14:27:00-03:00,58.443590463120316
1997-11-20 14:28:00-03:00,57.87752471440321
1997-11-20 14:29:00-03:00,57.298089404733396
1997-11-20 14:30:00-03:00,56.7048420651776
1997-11-20 14:31:00-03:00,56.09732635104938
1997-11-20 14:32:00-03:00,55.47507203965537
1997-11-20 14:33:00-03:00,54.83759503270565
1997-11-20 14:34:00-03:00,54.18439752670153
1997-11-20 14:35:00-03:00,53.51496819864916
1997-11-20 14:36:00-03:00,52.828782546145625
1997-11-20 14:37:00-03:00,52.125303377550914
1997-11-20 14:38:00-03:00,51.403981410591165
1997-11-20 14:39:00-03:00,50.664256066995776
1997-11-20 14:40:00-03:00,49.905556428552124
1997-11-20 14:41:00-03:00,49.12730245697132
1997-11-20 14:42:00-03:00,48.32890640419361
1997-11-20 14:43:00-03:00,47.50977451937485
1997-11-20 14:44:00-03:00,46.66930901298469
1997-11-20 14:45:00-03:00,45.80691042876347
1997-11-20 14:46:00-03:00,44.921980260384885
1997-11-20 14:47:00-03:00,44.01392403744437
1997-11-20 14:48:00-03:00,43.08215478892036
1997-11-20 14:49:00-03:00,42.1260969899231
1997-11-20 14:50:00-03:00,41.14519092008129
1997-11-20 14:51:00-03:00,40.13889758194521
1997-11-20 14:52:00-03:00,39.10670409897116
1997-11-20 14:53:00-03:00,38.04812968469542
1997-11-20 14:54:00-03:00,36.962732077717014
1997-11-20 14:55:00-03:00,35.850114566863695
1997-11-20 14:56:00-03:00,34.709933522127535
1997-11-20 14:57:00-03:00,33.541906372554074
1997-11-20 14:58:00-03:00,32.34582000649806
1997-11-20 14:59:00-03:00,31.12153955523615
1997-11-20 15:00:00-03:00,29.869017445597294
1997-11-20 15:01:00-03:00,28.58830250916587
1997-11-20 15:02:00-03:00,27.279549202745354
1997-11-20 15:03:00-03:00,25.943026571924488
1997-11-20 15:04:00-03:00,24.57912684132132
1997-11-20 15:05:00-03:00,23.188373497261825
1997-11-20 15:06:00-03:00,21.771428454217524
1997-11-20 15:07:00-03:00,20.329098175525047
1997-11-20 15:08:00-03:00,18.862338492551338
1997-11-20 15:09:00-03:00,17.372257726880843
1997-11-20 15:10:00-03:00,15.86011807014753
1997-11-20 15:11:00-03:00,14.32733478171723
1997-11-20 15:12:00-03:00,12.7754732857817
1997-11-20 15:13:00-03:00,11.20624366158982
1997-11-20 15:14:00-03:00,9.621492801037489
1997-11-20 15:15:00-03:00,8.023194008727716
1997-11-20 15:16:00-03:00,6.413434181520896
1997-11-20 15:17:00-03:00,4.7943987156818935
1997-11-20 15:18:00-03:00,3.1683542841550674
1997-11-20 15:19:00-03:00,1.537630083090692
1997-11-20 15:20:00-03:00,359.9045973809297
1997-11-20 15:21:00-03:00,358.27164838582803
1997-11-20 15:22:00-03:00,356.6411745762984
1997-11-20 15:23:00-03:00,355.01554495097037
1997-11-20 15:24:00-03:00,353.3970849473598
1997-11-20 15:25:00-03:00,351.7880561603249
1997-11-20 15:26:00-03:00,350.1906376340976
1997-11-20 15:27:00-03:00,348.6069087535262
1997-11-20 15:28:00-03:00,347.038834378997
1997-11-20 15:29:00-03:00,345.4882520976614
1997-11-20 15:30:00-03:00,343.95686212207045
1997-11-20 15:31:00-03:00,342.44621947824214
1997-11-20 15:32:00-03:00,340.95772879098223
1997-11-20 15:33:00-03:00,339.4926414535968
1997-11-20 15:34:00-03:00,338.0520550569231
1997-11-20 15:35:00-03:00,336.6369148281048
1997-11-20 15:36:00-03:00,335.2480169409161
1997-11-20 15:37:00-03:00,333.8860133987456
1997-11-20 15:38:00-03:00,332.55141824030426
1997-11-20 15:39:00-03:00,331.2446148076439
1997-11-20 15:40:00-03:00,329.9658638240791
1997-11-20 15:41:00-03:00,328.71531203660885
1997-11-20 15:42:00-03:00,327.4930012471242
1997-11-20 15:43:00-03:00,326.29887746274636
1997-11-20 15:44:00-03:00,325.13280004197287
1997-11-20 15:45:00-03:00,323.9945507317738
1997-11-20 15:46:00-03:00,322.88384239911
1997-11-20 15:47:00-03:00,321.80032744911995
1997-11-20 15:48:00-03:00,320.74360574058954
1997-11-20 15:49:00-03:00,319.71323208971296
1997-11-20 15:50:00-03:00,318.7087232585933
1997-11-20 15:51:00-03:00,317.729564352943
1997-11-20 15:52:00-03:00,316.77521474746425
1997-11-20 15:53:00-03:00,315.8451134724302
1997-11-20 15:54:00-03:00,314.93868405229364
1997-11-20 15:55:00-03:00,314.0553388797607
1997-11-20 15:56:00-03:00,313.194483081926
1997-11-20 15:57:00-03:00,312.3555180006933
1997-11-20 15:58:00-03:00,311.5378442047075
1997-11-20 15:59:00-03:00,310.7408641197674
1997-11-20 16:00:00-03:00,309.9639843543972
1997-11-20 16:01:00-03:00,309.20661764802026
1997-11-20 16:02:00-03:00,308.468184553493
1997-11-20 16:03:00-03:00,307.74811484937186
1997-11-20 16:04:00-03:00,307.0458487097122
1997-11-20 16:05:00-03:00,306.36083768450527
1997-11-20 16:06:00-03:00,305.6925454486915
1997-11-20 16:07:00-03:00,305.0404484086027
1997-11-20 16:08:00-03:00,304.40403618179033
1997-11-20 16:09:00-03:00,303.7828119035762
1997-11-20 16:10:00-03:00,303.1762924638485
1997-11-20 16:11:00-03:00,302.5840086002536
1997-11-20 16:12:00-03:00,302.00550494853996
1997-11-20 16:13:00-03:00,301.44033999600083
1997-11-20 16:14:00-03:00,300.88808599628857
1997-11-20 16:15:00-03:00,300.34832878755304
1997-11-20 16:16:00-03:00,299.8206676405598
1997-11-20 16:17:00-03:00,299.30471498008774
1997-11-20 16:18:00-03:00,298.80009614946766
1997-11-20 16:19:00-03:00,298.3064491287828
1997-11-20 16:20:00-03:00,297.8234242244993
1997-11-20 16:21:00-03:00,297.3506837427444
1997-11-20 16:22:00-03:00,296.8879016808301
1997-11-20 16:23:00-03:00,296.43476338246523
1997-11-20 16:24:00-03:00,295.99096518995043
1997-11-20 16:25:00-03:00,295.5562141242922
1997-11-20 16:26:00-03:00,295.13022752095594
1997-11-20 16:27:00-03:00,294.7127327089452
1997-11-20 16:28:00-03:00,294.30346667783294
1997-11-20 16:29:00-03:00,293.9021757226986
1997-11-20 16:30:00-03:00,293.508615146958
1997-11-20 16:31:00-03:00,293.12254893036
1997-11-20 16:32:00-03:00,292.7437494206841
1997-11-20 16:33:00-03:00,292.3719970278825
1997-11-20 16:34:00-03:00,292.0070799386071
1997-11-20 16:35:00-03:00,291.64879381435634
1997-11-20 16:36:00-03:00,291.2969415229671
1997-11-20 16:37:00-03:00,290.95133286629215
1997-11-20 16:38:00-03:00,290.61178431460695
1997-11-20 16:39:00-03:00,290.2781187722036
1997-11-20 16:40:00-03:00,289.9501653086079
1997-11-20 16:41:00-03:00,289.6277589306848
1997-11-20 16:42:00-03:00,289.31074037292143
1997-11-20 16:43:00-03:00,288.9989558551385
1997-11-20 16:44:00-03:00,288.69225689112403
1997-11-20 16:45:00-03:00,288.3905000694767
1997-11-20 16:46:00-03:00,288.0935468750776
1997-11-20 16:47:00-03:00,287.8012634856569
1997-11-20 16:48:00-03:00,287.51352060561453
1997-11-20 16:49:00-03:00,287.2301932869048
1997-11-20 16:50:00-03:00,286.95116075541665
1997-11-20 16:51:00-03:00,286.67630627009316
1997-11-20 16:52:00-03:00,286.4055169508643
1997-11-20 16:53:00-03:00,286.1386836408981
1997-11-20 16:54:00-03:00,285.8757007634743
1997-11-20 16:55:00-03:00,285.6164661864289
1997-11-20 16:56:00-03:00,285.3608810937802
1997-11-20 16:57:00-03:00,285.10884985245036
1997-11-20 16:58:00-03:00,284.8602799094341
1997-11-20 16:59:00-03:00,284.6150816599795
1997-11-20 17:00:00-03:00,284.3731683474227
1997-11-20 17:01:00-03:00,284.1344559477317
1997-11-20 17:02:00-03:00,283.8988630840601
1997-11-20 17:03:00-03:00,283.6663109133772
1997-11-20 17:04:00-03:00,283.43672303956834
1997-11-20 17:05:00-03:00,283.21002542831064
1997-11-20 17:06:00-03:00,282.9861463119039
1997-11-20 17:07:00-03:00,282.76501611142567
1997-11-20 17:08:00-03:00,282.5465673618783
1997-11-20 17:09:00-03:00,282.33073462591597
1997-11-20 17:10:00-03:00,282.11745443253614
1997-11-20 17:11:00-03:00,281.9066651955471
1997-11-20 17:12:00-03:00,281.69830715631764
1997-11-20 17:13:00-03:00,281.4923223135433
1997-11-20 17:14:00-03:00,281.28865436401475
1997-11-20 17:15:00-03:00,281.08724863903285
1997-11-20 17:16:00-03:00,280.88805205000637
1997-11-20 17:17:00-03:00,280.69101303614553
1997-11-20 17:18:00-03:00,280.4960815076677
1997-11-20 17:19:00-03:00,280.30320879645
1997-11-20 17:20:00-03:00,280.11234760729786
1997-11-20 17:21:00-03:00,279.9234519723697
1997-11-20 17:22:00-03:00,279.73647720113155
1997-11-20 17:23:00-03:00,279.5513798434047
1997-11-20 17:24:00-03:00,279.36811764640163
1997-11-20 17:25:00-03:00,279.1866495134354
1997-11-20 17:26:00-03:00,279.0069354630508
1997-11-20 17:27:00-03:00,278.82893659563143
1997-11-20 17:28:00-03:00,278.652615056548
1997-11-20 17:29:00-03:00,278.47793400185674
1997-11-20 17:30:00-03:00,278.30485756416624
1997-11-20 17:31:00-03:00,278.13335082544415
1997-11-20 17:32:00-03:00,277.96337977952226
1997-11-20 17:33:00-03:00,277.7949113061509
1997-11-20 17:34:00-03:00,277.627913147055
1997-11-20 17:35:00-03:00,277.4623538652374
1997-11-20 17:36:00-03:00,277.29820283864177
1997-11-20 17:37:00-03:00,277.135430214875
1997-11-20 17:38:00-03:00,276.97400690105326
1997-11-20 17:39:00-03:00,276.81390453045975
1997-11-20 17:40:00-03:00,276.65509544737716
1997-11-20 17:41:00-03:00,276.49755268192365
1997-11-20 17:42:00-03:00,276.34124992581803
1997-11-20 17:43:00-03:00,276.1861615183127
1997-11-20 17:44:00-03:00,276.03226242232864
1997-11-20 17:45:00-03:00,275.8795282065544
1997-11-20 17:46:00-03:00,275.72793502613865
1997-11-20 17:47:00-03:00,275.57745961006987
1997-11-20 17:48:00-03:00,275.4280792340585
1997-11-20 17:49:00-03:00,275.2797717151399
1997-11-20 17:50:00-03:00,275.13251538581727
1997-11-20 17:51:00-03:00,274.98628908957306
1997-11-20 17:52:00-03:00,274.8410721561956
1997-11-20 17:53:00-03:00,274.69684439238756
1997-11-20 17:54:00-03:00,274.55358606693625
1997-11-20 17:55:00-03:00,274.41127789734526
1997-11-20 17:56:00-03:00,274.26990103597194
1997-11-20 17:57:00-03:00,274.129437061289
1997-11-20 17:58:00-03:00,273.9898679592324
1997-11-20 17:59:00-03:00,273.8511761180823
1997-11-20 18:00:00-03:00,273.713344314334
1997-11-20 18:01:00-03:00,273.57635569903874
1997-11-20 18:02:00-03:00,273.4401937936467
1997-11-20 18:03:00-03:00,273.30484247247784
1997-11-20 18:04:00-03:00,273.170285960074
1997-11-20 18:05:00-03:00,273.03650881440996
1997-11-20 18:06:00-03:00,272.90349592389947
1997-11-20 18:07:00-03:00,272.7712324957059
1997-11-20 18:08:00-03:00,272.639704045303
1997-11-20 18:09:00-03:00,272.50889638896507
1997-11-20 18:10:00-03:00,272.37879564082095
1997-11-20 18:11:00-03:00,272.24938819709575
1997-11-20 18:12:00-03:00,272.12066073282494
1997-11-20 18:13:00-03:00,271.992600193561
1997-11-20 18:14:00-03:00,271.8651937881783
1997-11-20 18:15:00-03:00,271.7384289819111
1997-11-20 18:16:00-03:00,271.6122934895846
1997-11-20 18:17:00-03:00,271.48677526907517
1997-11-20 18:18:00-03:00,271.3618625149435
1997-11-20 18:19:00-03:00,271.2375436522881
1997-11-20 18:20:00-03:00,271.11380733074924
1997-11-20 18:21:00-03:00,270.9906424170894
1997-11-20 18:22:00-03:00,270.8680379961135
1997-11-20 18:23:00-03:00,270.7459833561768
1997-11-20 18:24:00-03:00,270.6244679863994
1997-11-20 18:25:00-03:00,270.5034815779917
1997-11-20 18:26:00-03:00,270.3830140103452
1997-11-20 18:27:00-03:00,270.26305535344693
1997-11-20 18:28:00-03:00,270.1435958567547
1997-11-20 18:29:00-03:00,270.02462595101133
1997-11-20 18:30:00-03:00,269.9061362374384
1997-11-20 18:31:00-03:00,269.7881174897629
1997-11-20 18:32:00-03:00,269.6705606429247
1997-11-20 18:33:00-03:00,269.5534567976501
1997-11-20 18:34:00-03:00,269.4367972086394
1997-11-20 18:35:00-03:00,269.3205732854168
1997-11-20 18:36:00-03:00,269.20477658471066
1997-11-20 18:37:00-03:00,269.08939881146216
1997-11-20 18:38:00-03:00,268.9744318121907
1997-11-20 18:39:00-03:00,268.85986757232564
1997-11-20 18:40:00-03:00,268.7456982128688
1997-11-20 18:41:00-03:00,268.631915987134
1997-11-20 18:42:00-03:00,268.5185132775866
1997-11-20 18:43:00-03:00,268.40548259275926
1997-11-20 18:44:00-03:00,268.2928165642619
1997-11-20 18:45:00-03:00,268.1805079431127
1997-11-20 18:46:00-03:00,268.0685495998893
1997-11-20 18:47:00-03:00,267.95693451748417
1997-11-20 18:48:00-03:00,267.8456557906595
1997-11-20 18:49:00-03:00,267.7347066256474
1997-11-20 18:50:00-03:00,267.62408033315074
1997-11-20 18:51:00-03:00,267.5137703280931
1997-11-20 18:52:00-03:00,267.4037701293903
1997-11-20 18:53:00-03:00,267.2940733524584
1997-11-20 18:54:00-03:00,267.18467371278103
1997-11-20 18:55:00-03:00,267.0755650170929
1997-11-20 18:56:00-03:00,266.9667411692188
1997-11-20 18:57:00-03:00,266.85819616211074
1997-11-20 18:58:00-03:00,266.749924073632
1997-11-20 18:59:00-03:00,266.64191907249483
1997-11-20 19:00:00-03:00,266.53417541121274
1997-11-20 19:01:00-03:00,266.4266874227653
1997-11-20 19:02:00-03:00,266.3194495230251
1997-11-20 19:03:00-03:00,266.2124562060686
1997-11-20 19:04:00-03:00,266.1057020431065
1997-11-20 19:05:00-03:00,265.9991816807502
1997-11-20 19:06:00-03:00,265.8928898386082
1997-11-20 19:07:00-03:00,265.7868213104661
1997-11-20 19:08:00-03:00,265.68097095841915
1997-11-20 19:09:00-03:00,265.57533371413336
1997-11-20 19:10:00-03:00,265.469904575898
1997-11-20 19:11:00-03:00,265.3646786099354
1997-11-20 19:12:00-03:00,265.2596509447148
1997-11-20 19:13:00-03:00,265.1548167723401
1997-11-20 19:14:00-03:00,265.05017134574797
1997-11-20 19:15:00-03:00,264.94570998013324
1997-11-20 19:16:00-03:00,264.84142804743186
1997-11-20 19:17:00-03:00,264.7373209771176
1997-11-20 19:18:00-03:00,264.63338425700397
1997-11-20 19:19:00-03:00,264.5296134271512
1997-11-20 19:20:00-03:00,264.42600408350233
1997-11-20 19:21:00-03:00,264.32255187460675
1997-11-20 19:22:00-03:00,264.21925249841104
1997-11-20 19:23:00-03:00,264.11610170524693
1997-11-20 19:24:00-03:00,264.0130952946616
1997-11-20 19:25:00-03:00,263.9102291122689
1997-11-20 19:26:00-03:00,263.8074990528213
1997-11-20 19:27:00-03:00,263.7049010564123
1997-11-20 19:28:00-03:00,263.6024311081598
1997-11-20 19:29:00-03:00,263.5000852365277
1997-11-20 19:30:00-03:00,263.3978595150874
1997-11-20 19:31:00-03:00,263.2957500581524
1997-11-20 19:32:00-03:00,263.19375301986355
1997-11-20 19:33:00-03:00,263.09186459667524
1997-11-20 19:34:00-03:00,262.99008102374324
1997-11-20 19:35:00-03:00,262.8883985747377
1997-11-20 19:36:00-03:00,262.78681356099355
1997-11-20 19:37:00-03:00,262.685322330668
1997-11-20 19:38:00-03:00,262.58392126725676
1997-11-20 19:39:00-03:00,262.4826067914922
1997-11-20 19:40:00-03:00,262.38137535582865
1997-11-20 19:41:00-03:00,262.2802234484113
1997-11-20 19:42:00-03:00,262.1791475902839
1997-11-20 19:43:00-03:00,262.0781443326467
1997-11-20 19:44:00-03:00,261.9772102608373
1997-11-20 19:45:00-03:00,261.87634198825253
1997-11-20 19:46:00-03:00,261.77553616034635
1997-11-20 19:47:00-03:00,261.67478945194875
1997-11-20 19:48:00-03:00,261.5740985645755
1997-11-20 19:49:00-03:00,261.4734602298105
1997-11-20 19:50:00-03:00,261.37287120664627
1997-11-20 19:51:00-03:00,261.27232827951605
1997-11-20 19:52:00-03:00,261.1718282583575
1997-11-20 19:53:00-03:00,261.0713679820172
1997-11-20 19:54:00-03:00,260.97094431163623
1997-11-20 19:55:00-03:00,260.87055413341295
1997-11-20 19:56:00-03:00,260.7701943573694
1997-11-20 19:57:00-03:00,260.669861916788
1997-11-20 19:58:00-03:00,260.5695537676649
1997-11-20 19:59:00-03:00,260.4692668881664
1997-11-20 20:00:00-03:00,260.36899827810447
1997-11-20 20:01:00-03:00,260.2687449577491
1997-11-20 20:02:00-03:00,260.16850396998603
1997-11-20 20:03:00-03:00,260.0682723751464
1997-11-20 20:04:00-03:00,259.9680472558544
1997-11-20 20:05:00-03:00,259.86782571120284
1997-11-20 20:06:00-03:00,259.7676048622844
1997-11-20 20:07:00-03:00,259.6673818437207
1997-11-20 20:08:00-03:00,259.5671538125448
1997-11-20 20:09:00-03:00,259.4669179397432
1997-11-20 20:10:00-03:00,259.3666714158189
1997-11-20 20:11:00-03:00,259.2664114450197
1997-11-20 20:12:00-03:00,259.1661352502477
1997-11-20 20:13:00-03:00,259.0658400673007
1997-11-20 20:14:00-03:00,258.9655231491286
1997-11-20 20:15:00-03:00,258.865181762093
1997-11-20 20:16:00-03:00,258.76481318957417
1997-11-20 20:17:00-03:00,258.6644147248954
1997-11-20 20:18:00-03:00,258.56398367761705
1997-11-20 20:19:00-03:00,258.4635173698154
1997-11-20 20:20:00-03:00,258.3630131363796
1997-11-20 20:21:00-03:00,258.26246832463846
1997-11-20 20:22:00-03:00,258.1618802940004
1997-11-20 20:23:00-03:00,258.0612464155963
1997-11-20 20:24:00-03:00,257.96056407192566
1997-11-20 20:25:00-03:00,257.8598306565132
1997-11-20 20:26:00-03:00,257.75904357289306
1997-11-20 20:27:00-03:00,257.6582002369642
1997-11-20 20:28:00-03:00,257.5572980726246
1997-11-20 20:29:00-03:00,257.4563345134618
1997-11-20 20:30:00-03:00,257.3553070044535
1997-11-20 20:31:00-03:00,257.2542129976097
1997-11-20 20:32:00-03:00,257.15304995368206
1997-11-20 20:33:00-03:00,257.0518153438767
1997-11-20 20:34:00-03:00,256.95050664483585
1997-11-20 20:35:00-03:00,256.84912134373144
1997-11-20 20:36:00-03:00,256.747656932573
1997-11-20 20:37:00-03:00,256.6461109119689
1997-11-20 20:38:00-03:00,256.54448079151933
1997-11-20 20:39:00-03:00,256.442764083443
1997-11-20 20:40:00-03:00,256.34095830974303
1997-11-20 20:41:00-03:00,256.23906099583957
1997-11-20 20:42:00-03:00,256.1370696750363
1997-11-20 20:43:00-03:00,256.03498188623195
1997-11-20 20:44:00-03:00,255.93279517160065
1997-11-20 20:45:00-03:00,255.83050708042182
1997-11-20 20:46:00-03:00,255.7281151660976
1997-11-20 20:47:00-03:00,255.62561698657845
1997-11-20 20:48:00-03:00,255.52301010343254
1997-11-20 20:49:00-03:00,255.42029208364005
1997-11-20 20:50:00-03:00,255.3174604979976
1997-11-20 20:51:00-03:00,255.21451291948856
1997-11-20 20:52:00-03:00,255.111446925109
1997-11-20 20:53:00-03:00,255.00826009425668
1997-11-20 20:54:00-03:00,254.90495001124498
1997-11-20 20:55:00-03:00,254.80151426095077
1997-11-20 20:56:00-03:00,254.69795043064747
1997-11-20 20:57:00-03:00,254.5942561118464
1997-11-20 20:58:00-03:00,254.49042889525023
1997-11-20 20:59:00-03:00,254.38646637605248
1997-11-20 21:00:00-03:00,254.28236614818954
1997-11-20 21:01:00-03:00,254.1781258096679
1997-11-20 21:02:00-03:00,254.07374295679952
1997-11-20 21:03:00-03:00,253.96921518885148
1997-11-20 21:04:00-03:00,253.86454010505923
1997-11-20 21:05:00-03:00,253.75971530581793
1997-11-20 21:06:00-03:00,253.6547383896775
1997-11-20 21:07:00-03:00,253.54960695733539
1997-11-20 21:08:00-03:00,253.4443186086433
1997-11-20 21:09:00-03:00,253.3388709431077
1997-11-20 21:10:00-03:00,253.23326155969306
1997-11-20 21:11:00-03:00,253.1274880559214
1997-11-20 21:12:00-03:00,253.02154803050757
1997-11-20 21:13:00-03:00,252.91543907893094
1997-11-20 21:14:00-03:00,252.80915879678003
1997-11-20 21:15:00-03:00,252.70270477603006
1997-11-20 21:16:00-03:00,252.5960746083903
1997-11-20 21:17:00-03:00,252.48926588513763
1997-11-20 21:18:00-03:00,252.3822761933804
1997-11-20 21:19:00-03:00,252.2751031180011
1997-11-20 21:20:00-03:00,252.16774424363248
1997-11-20 21:21:00-03:00,252.0601971501926
1997-11-20 21:22:00-03:00,251.9524594148493
1997-11-20 21:23:00-03:00,251.84452861328683
1997-11-20 21:24:00-03:00,251.7364023173855
1997-11-20 21:25:00-03:00,251.628078096487
1997-11-20 21:26:00-03:00,251.51955351434233
1997-11-20 21:27:00-03:00,251.4108261332723
1997-11-20 21:28:00-03:00,251.30189351184802
1997-11-20 21:29:00-03:00,251.19275320253954
1997-11-20 21:30:00-03:00,251.08340275591019
1997-11-20 21:31:00-03:00,250.97383971755534
1997-11-20 21:32:00-03:00,250.86406162866643
1997-11-20 21:33:00-03:00,250.75406602587535
1997-11-20 21:34:00-03:00,250.64385044109468
1997-11-20 21:35:00-03:00,250.53341240137013
1997-11-20 21:36:00-03:00,250.4227494287168
1997-11-20 21:37:00-03:00,250.31185903997473
1997-11-20 21:38:00-03:00,250.20073874665422
1997-11-20 21:39:00-03:00,250.08938605478787
1997-11-20 21:40:00-03:00,249.9777984647814
1997-11-20 21:41:00-03:00,249.86597347127042
1997-11-20 21:42:00-03:00,249.75390856221964
1997-11-20 21:43:00-03:00,249.64160122177344
1997-11-20 21:44:00-03:00,249.52904892563066
1997-11-20 21:45:00-03:00,249.41624914313684
1997-11-20 21:46:00-03:00,249.3031993386468
1997-11-20 21:47:00-03:00,249.18989696914318
1997-11-20 21:48:00-03:00,249.07633948559922
1997-11-20 21:49:00-03:00,248.9625243305727
1997-11-20 21:50:00-03:00,248.8484489395781
1997-11-20 21:51:00-03:00,248.73411074324125
1997-11-20 21:52:00-03:00,248.6195071618355
1997-11-20 21:53:00-03:00,248.50463561048824
1997-11-20 21:54:00-03:00,248.38949349676435
1997-11-20 21:55:00-03:00,248.27407821823275
1997-11-20 21:56:00-03:00,248.1583871669388
1997-11-20 21:57:00-03:00,248.042417725442
1997-11-20 21:58:00-03:00,247.9261672705431
1997-11-20 21:59:00-03:00,247.8096331685317
1997-11-20 22:00:00-03:00,247.6928127781452
1997-11-20 22:01:00-03:00,247.57570344968332
1997-11-20 22:02:00-03:00,247.458302524882
1997-11-20 22:03:00-03:00,247.34060733679928
1997-11-20 22:04:00-03:00,247.22261520969522
1997-11-20 22:05:00-03:00,247.10432345813138
1997-11-20 22:06:00-03:00,246.98572939000525
1997-11-20 22:07:00-03:00,246.866830301715
1997-11-20 22:08:00-03:00,246.74762348119162
1997-11-20 22:09:00-03:00,246.62810620621065
1997-11-20 22:10:00-03:00,246.50827574746995
1997-11-20 22:11:00-03:00,246.38812936289708
1997-11-20 22:12:00-03:00,246.2676643039391
1997-11-20 22:13:00-03:00,246.14687780905072
1997-11-20 22:14:00-03:00,246.02576710920482
1997-11-20 22:15:00-03:00,245.90432942539326
1997-11-20 22:16:00-03:00,245.7825619660916
1997-11-20 22:17:00-03:00,245.66046193201493
1997-11-20 22:18:00-03:00,245.53802651360542
1997-11-20 22:19:00-03:00,245.41525288848013
1997-11-20 22:20:00-03:00,245.2921382254103
1997-11-20 22:21:00-03:00,245.16867968425788
1997-11-20 22:22:00-03:00,245.0448744117705
1997-11-20 22:23:00-03:00,244.92071954561084
1997-11-20 22:24:00-03:00,244.79621221013204
1997-11-20 22:25:00-03:00,244.67134952126463
1997-11-20 22:26:00-03:00,244.5461285831247
1997-11-20 22:27:00-03:00,244.4205464887606
1997-11-20 22:28:00-03:00,244.2946003200725
1997-11-20 22:29:00-03:00,244.1682871477417
1997-11-20 22:30:00-03:00,244.0416040303075
1997-11-20 22:31:00-03:00,243.9145480166262
1997-11-20 22:32:00-03:00,243.78711614413214
1997-11-20 22:33:00-03:00,243.6593054362009
1997-11-20 22:34:00-03:00,243.5311129080452
1997-11-20 22:35:00-03:00,243.40253555983023
1997-11-20 22:36:00-03:00,243.27357038345247
1997-11-20 22:37:00-03:00,243.1442143556255
1997-11-20 22:38:00-03:00,243.0144644446965
1997-11-20 22:39:00-03:00,242.8843176037042
1997-11-20 22:40:00-03:00,242.75377077723542
1997-11-20 22:41:00-03:00,242.62282089444946
1997-11-20 22:42:00-03:00,242.49146487510515
1997-11-20 22:43:00-03:00,242.3596996260499
1997-11-20 22:44:00-03:00,242.22752204204195
1997-11-20 22:45:00-03:00,242.09492900660368
1997-11-20 22:46:00-03:00,241.96191738844664
1997-11-20 22:47:00-03:00,241.82848404674152
1997-11-20 22:48:00-03:00,241.6946258275615
1997-11-20 22:49:00-03:00,241.56033956473667
1997-11-20 22:50:00-03:00,241.42562207983383
1997-11-20 22:51:00-03:00,241.29047018123515
1997-11-20 22:52:00-03:00,241.1548806677302
1997-11-20 22:53:00-03:00,241.01885032309565
1997-11-20 22:54:00-03:00,240.88237591877945
1997-11-20 22:55:00-03:00,240.74545421663976
1997-11-20 22:56:00-03:00,240.60808196256266
1997-11-20 22:57:00-03:00,240.4702558946902
1997-11-20 22:58:00-03:00,240.33197273242763
1997-11-20 22:59:00-03:00,240.1932291893065
1997-11-20 23:00:00-03:00,240.05402196195828
1997-11-20 23:01:00-03:00,239.91434773844995
1997-11-20 23:02:00-03:00,239.77420319088006
1997-11-20 23:03:00-03:00,239.6335849828544
1997-11-20 23:04:00-03:00,239.49248976204478
1997-11-20 23:05:00-03:00,239.3509141658321
1997-11-20 23:06:00-03:00,239.20885482232816
1997-11-20 23:07:00-03:00,239.0663083418997
1997-11-20 23:08:00-03:00,238.92327132667495
1997-11-20 23:09:00-03:00,238.77974036586883
1997-11-20 23:10:00-03:00,238.63571203678976
1997-11-20 23:11:00-03:00,238.4911829049017
1997-11-20 23:12:00-03:00,238.3461495238979
1997-11-20 23:13:00-03:00,238.20060843577136
1997-11-20 23:14:00-03:00,238.054556170897
1997-11-20 23:15:00-03:00,237.90798924811875
1997-11-20 23:16:00-03:00,237.76090417484087
1997-11-20 23:17:00-03:00,237.61329744712341
1997-11-20 23:18:00-03:00,237.46516554880066
1997-11-20 23:19:00-03:00,237.31650495553842
1997-11-20 23:20:00-03:00,237.16731212902945
1997-11-20 23:21:00-03:00,237.01758352005942
1997-11-20 23:22:00-03:00,236.86731557164538
1997-11-20 23:23:00-03:00,236.71650471318367
1997-11-20 23:24:00-03:00,236.5651473635691
1997-11-20 23:25:00-03:00,236.4132399333714
1997-11-20 23:26:00-03:00,236.26077882299063
1997-11-20 23:27:00-03:00,236.1077604197572
1997-11-20 23:28:00-03:00,235.95418110419348
1997-11-20 23:29:00-03:00,235.80003724614002
1997-11-20 23:30:00-03:00,235.64532520594346
1997-11-20 23:31:00-03:00,235.49004133569298
1997-11-20 23:32:00-03:00,235.33418197631698
1997-11-20 23:33:00-03:00,235.17774345983918
1997-11-20 23:34:00-03:00,235.0207221116963
1997-11-20 23:35:00-03:00,234.86311424784174
1997-11-20 23:36:00-03:00,234.70491617601812
1997-11-20 23:37:00-03:00,234.5461241959998
1997-11-20 23:38:00-03:00,234.38673459984034
1997-11-20 23:39:00-03:00,234.22674367213844
1997-11-20 23:40:00-03:00,234.06614768815814
1997-11-20 23:41:00-03:00,233.90494292268025
1997-11-20 23:42:00-03:00,233.7431256374478
1997-11-20 23:43:00-03:00,233.580692090015
1997-11-20 23:44:00-03:00,233.41763853083356
1997-11-20 23:45:00-03:00,233.2539612079204
1997-11-20 23:46:00-03:00,233.08965636066424
1997-11-20 23:47:00-03:00,232.92472022340752
1997-11-20 23:48:00-03:00,232.7591490291138
1997-11-20 23:49:00-03:00,232.5929390020159
1997-11-20 23:50:00-03:00,232.42608636571234
1997-11-20 23:51:00-03:00,232.25858734024433
1997-11-20 23:52:00-03:00,232.09043813913505
1997-11-20 23:53:00-03:00,231.92163497648193
1997-11-20 23:54:00-03:00,231.752174064053
1997-11-20 23:55:00-03:00,231.5820516082997
1997-11-20 23:56:00-03:00,231.4112638175832
1997-11-20 23:57:00-03:00,231.23980689810733
1997-11-20 23:58:00-03:00,231.0676770555167
1997-11-20 23:59:00-03:00,230.89487049537243
